id,name,image,short_desc,description,price,count,category_id
1,комфорт 1,products_images/product-1.jpg,комфортный стул,подойдет для просмотра фильмов,2989.5,17,2
2,комфорт 2,products_images/product-2.jpg,очень комфортный стул,подойдет для общения с друзьями,3687.2,21,2
3,люкс,products_images/product-3.jpg,использованы премиальные материалы,"для тех, кто стремится к лучшему",8157.99,7,2
4,стандарт,products_images/product-4.jpg,универсальное решение,подойдет для любого офиса,1895.25,27,3
5,премиум,products_images/product-5.jpg,улучшенный дизайн,идеально впишется в строгий интерьер офиса,3587.41,9,3
6,новинка,products_images/product-6.jpg,инновационный дизайн,нестандартное решение для современного интерьера,5361.47,18,4
7,прогресс,products_images/product-7.jpg,прогрессивный дизайн,функциональное и комфортное решение,6789.33,12,4
8,венеция,products_images/product-8.jpg,классические формы,окунитесь в европейский комфорт,4147.51,25,5
9,тоскана,products_images/product-9.jpg,эргономичная спинка,почувствуйте комфорт и насладитесь цветовой гаммой,7147.35,18,5
10,рим,products_images/product-10.jpg,удачные пропорции,компактность и функциональность,8357.77,8,5
